redcardsID,DateOfMatch,redcard1,redcard2,MatchID
1000,08/12/2018,Andrei Ostrikov,NULL,1032
1001,20/03/2016,Johnny Leota,NULL,1125
1002,27/03/2016,NULL,NULL,1126
1003,02/04/2016,NULL,NULL,1127
1004,08/04/2016,NULL,NULL,1128
1005,17/04/2016,NULL,NULL,1129
1006,29/04/2016,NULL,NULL,1131
1007,07/05/2016,NULL,NULL,1132
1008,18/05/2019,NULL,NULL,1102
1009,03/05/2019,NULL,NULL,1101
1010,26/04/2019,NULL,NULL,1059
1011,20/04/2019,NULL,NULL,1103
1012,13/04/2019,NULL,NULL,1060
1013,05/04/2019,NULL,NULL,1058
1014,29/03/2019,NULL,NULL,1049
1015,23/03/2019,NULL,NULL,1057
1016,08/03/2019,NULL,NULL,1056
1017,02/03/2019,NULL,NULL,1055
1018,23/02/2019,NULL,NULL,1054
1019,16/02/2019,NULL,NULL,1053
1020,03/02/2019,NULL,NULL,1050
1021,19/01/2019,NULL,NULL,1052
1022,12/01/2019,NULL,NULL,1051
1023,04/01/2019,NULL,NULL,1048
1024,29/12/2018,NULL,NULL,1047
1025,22/12/2018,NULL,NULL,1046
1026,15/12/2018,NULL,NULL,1033
1027,02/12/2018,NULL,NULL,1030
1028,24/11/2018,NULL,NULL,1029
1029,17/11/2018,NULL,NULL,1028
1030,09/11/2018,NULL,NULL,1036
1031,02/11/2018,NULL,NULL,1035
1032,26/10/2018,NULL,NULL,1034
1033,20/10/2018,NULL,NULL,1031
1034,12/10/2018,NULL,NULL,1464
1035,06/10/2018,NULL,NULL,1027
1036,30/09/2018,NULL,NULL,1026
1037,22/09/2018,NULL,NULL,1025
1038,15/09/2018,NULL,NULL,1024
1039,06/09/2014,NULL,NULL,1133
1040,13/09/2014,NULL,NULL,1154
1041,21/09/2019,NULL,NULL,1134
1042,28/09/2019,NULL,NULL,1135
1043,05/10/2019,NULL,NULL,1136
1044,12/10/2019,NULL,NULL,1137
1045,19/10/2019,NULL,NULL,1138
1046,26/10/2019,NULL,NULL,1465
1047,01/11/2019,NULL,NULL,1139
1048,08/11/2019,NULL,NULL,1140
1049,05/10/2014,NULL,NULL,1143
1050,20/09/2014,NULL,NULL,1141
1051,27/09/2014,NULL,NULL,1142
1052,11/10/2014,NULL,NULL,1144
1053,18/10/2014,NULL,NULL,1443
1054,26/10/2014,NULL,NULL,1155
1055,01/11/2014,NULL,NULL,1145
1056,09/11/2014,NULL,NULL,1146
1057,15/11/2014,NULL,NULL,1147
1058,21/11/2014,NULL,NULL,1148
1059,30/11/2014,NULL,NULL,1149
1060,06/12/2014,NULL,NULL,1150
1061,13/12/2014,NULL,NULL,1151
1062,19/12/2014,NULL,NULL,1152
1063,27/12/2014,NULL,NULL,1153
1064,04/01/2015,NULL,NULL,1444
1065,10/01/2015,NULL,NULL,1445
1066,16/11/2019,NULL,NULL,1156
1067,24/11/2019,NULL,NULL,1466
1068,30/11/2019,Jean-Luc du Preez,NULL,1157
1069,08/12/2019,NULL,NULL,1158
1070,15/12/2019,NULL,NULL,1159
1071,21/12/2019,NULL,NULL,1467
1072,28/12/2019,NULL,NULL,1160
1073,03/01/2020,NULL,NULL,1161
1074,10/01/2020,Valery Morozov,NULL,1162
1075,18/01/2020,NULL,NULL,1163
1076,25/01/2020,NULL,NULL,1164
1077,07/02/2020,NULL,NULL,1165
1078,15/02/2020,NULL,NULL,1468
1079,21/02/2020,NULL,NULL,1166
1080,28/02/2020,NULL,NULL,1469
1081,06/03/2020,NULL,NULL,1470
1082,22/11/2009,NULL,NULL,1167
1083,05/12/2009,NULL,NULL,1168
1084,30/10/2009,NULL,NULL,1169
1085,24/10/2009,NULL,NULL,1170
1086,02/10/2009,NULL,NULL,1171
1087,04/09/2009,NULL,NULL,1172
1088,13/09/2009,NULL,NULL,1174
1089,18/09/2009,NULL,NULL,1173
1090,26/09/2009,NULL,NULL,1175
1091,14/02/2010,NULL,NULL,1176
1092,19/02/2010,NULL,NULL,1177
1093,27/02/2010,NULL,NULL,1178
1094,07/03/2010,NULL,NULL,1179
1095,19/03/2010,NULL,NULL,1180
1096,28/03/2010,NULL,NULL,1181
1097,02/04/2010,NULL,NULL,1182
1098,17/04/2010,NULL,NULL,1183
1099,23/04/2010,NULL,NULL,1184
1100,08/05/2010,NULL,NULL,1185
1101,03/09/2010,NULL,NULL,1186
1102,12/09/2010,NULL,NULL,1187
1103,17/09/2010,NULL,NULL,1188
1104,25/09/2010,NULL,NULL,1189
1105,01/10/2010,NULL,NULL,1190
1106,22/10/2010,NULL,NULL,1191
1107,09/04/2010,NULL,NULL,1192
1108,01/01/2010,NULL,NULL,1003
1109,16/01/2010,NULL,NULL,1004
1110,24/01/2010,NULL,NULL,1005
1111,29/01/2010,NULL,NULL,1006
1112,06/02/2010,NULL,NULL,1007
1113,08/10/2010,NULL,NULL,1008
1114,16/10/2010,NULL,NULL,1009
1115,31/10/2010,NULL,NULL,1010
1116,05/11/2010,NULL,NULL,1011
1117,14/11/2010,NULL,NULL,1012
1118,19/11/2010,NULL,NULL,1013
1119,27/11/2010,NULL,NULL,1014
1120,11/12/2010,NULL,NULL,1015
1121,20/12/2010,NULL,NULL,1016
1122,27/12/2010,NULL,NULL,1017
1123,11/10/2009,NULL,NULL,1193
1124,16/10/2009,NULL,NULL,1194
1125,06/11/2009,NULL,NULL,1195
1126,13/11/2009,NULL,NULL,1196
1127,13/12/2009,NULL,NULL,1000
1128,20/12/2009,NULL,NULL,1001
1129,27/12/2009,NULL,NULL,1002
1130,02/01/2011,NULL,NULL,1018
1131,07/01/2011,NULL,NULL,1019
1132,14/01/2011,NULL,NULL,1020
1133,22/01/2011,NULL,NULL,1021
1134,06/02/2011,NULL,NULL,1023
1135,28/01/2011,NULL,NULL,1022
1136,03/09/2011,NULL,NULL,1207
1137,09/09/2011,NULL,NULL,1208
1138,17/09/2011,NULL,NULL,1209
1139,12/11/2011,NULL,NULL,1211
1140,21/10/2011,NULL,NULL,1212
1141,08/12/2011,NULL,NULL,1213
1142,18/12/2011,NULL,NULL,1214
1143,23/09/2011,NULL,NULL,1215
1144,01/10/2011,NULL,NULL,1216
1145,08/10/2011,NULL,NULL,1217
1146,28/10/2011,NULL,NULL,1218
1147,06/11/2011,NULL,NULL,1219
1148,25/11/2011,NULL,NULL,1220
1149,03/12/2011,NULL,NULL,1221
1150,26/12/2011,NULL,NULL,1222
1151,14/01/2012,NULL,NULL,1223
1152,19/01/2012,NULL,NULL,1224
1153,29/01/2012,NULL,NULL,1225
1154,04/02/2012,NULL,NULL,1226
1155,01/01/2012,NULL,NULL,1227
1156,08/01/2012,NULL,NULL,1228
1157,10/02/2012,NULL,NULL,1229
1158,18/11/2011,NULL,NULL,1238
1159,01/09/2012,NULL,NULL,1240
1160,15/09/2012,NULL,NULL,1241
1161,08/09/2012,NULL,NULL,1239
1162,21/09/2012,NULL,NULL,1242
1163,29/09/2012,NULL,NULL,1243
1164,05/10/2012,NULL,NULL,1244
1165,14/10/2012,NULL,NULL,1245
1166,21/10/2012,NULL,NULL,1246
1167,26/10/2012,NULL,NULL,1247
1168,02/11/2012,NULL,NULL,1248
1169,11/11/2012,NULL,NULL,1249
1170,16/11/2012,NULL,NULL,1250
1171,24/11/2012,NULL,NULL,1251
1172,30/11/2012,NULL,NULL,1252
1173,08/12/2012,NULL,NULL,1253
1174,16/12/2012,NULL,NULL,1254
1175,23/12/2012,NULL,NULL,1255
1176,28/12/2012,NULL,NULL,1256
1177,06/01/2013,NULL,NULL,1270
1178,11/01/2013,NULL,NULL,1257
1179,19/01/2013,NULL,NULL,1440
1180,26/01/2013,NULL,NULL,1258
1181,02/02/2013,NULL,NULL,1259
1182,08/02/2013,NULL,NULL,1262
1183,10/03/2013,NULL,NULL,1260
1184,17/03/2013,NULL,NULL,1261
1185,17/02/2013,NULL,NULL,1263
1186,22/02/2013,NULL,NULL,1264
1187,02/03/2013,NULL,NULL,1265
1188,22/03/2013,NULL,NULL,1442
1189,31/03/2013,NULL,NULL,1266
1190,12/04/2013,NULL,NULL,1267
1191,20/04/2013,NULL,NULL,1268
1192,04/05/2013,NULL,NULL,1269
1193,07/09/2013,NULL,NULL,1271
1194,13/09/2013,NULL,NULL,1272
1195,20/09/2013,NULL,NULL,1273
1196,27/09/2013,NULL,NULL,1274
1197,04/10/2013,NULL,NULL,1275
1198,10/10/2013,NULL,NULL,1276
1199,19/10/2013,NULL,NULL,1277
1200,26/10/2013,NULL,NULL,1278
1201,01/11/2013,NULL,NULL,1279
1202,08/11/2013,NULL,NULL,1280
1203,15/11/2013,NULL,NULL,1281
1204,25/01/2014,NULL,NULL,1282
1205,31/01/2014,NULL,NULL,1283
1206,05/12/2013,NULL,NULL,1284
1207,13/12/2013,NULL,NULL,1285
1208,10/01/2014,NULL,NULL,1286
1209,18/01/2014,NULL,NULL,1287
1210,03/04/2014,NULL,NULL,1288
1211,22/11/2013,NULL,NULL,1289
1212,30/11/2013,NULL,NULL,1290
1213,20/12/2013,NULL,NULL,1291
1214,28/12/2013,NULL,NULL,1292
1215,03/01/2014,NULL,NULL,1293
1216,07/02/2014,NULL,NULL,1294
1217,14/02/2014,NULL,NULL,1295
1218,23/09/2017,NULL,NULL,1037
1219,29/09/2017,NULL,NULL,1038
1220,06/10/2017,NULL,NULL,1039
1221,01/12/2017,NULL,NULL,1040
1222,23/12/2017,NULL,NULL,1041
1223,30/12/2017,NULL,NULL,1042
1224,13/10/2017,NULL,NULL,1043
1225,10/11/2017,NULL,NULL,1044
1226,09/12/2017,NULL,NULL,1045
1227,01/01/2017,NULL,NULL,1072
1228,07/01/2017,NULL,NULL,1073
1229,10/02/2017,NULL,NULL,1074
1230,19/02/2017,NULL,NULL,1075
1231,25/02/2017,NULL,NULL,1076
1232,03/03/2017,NULL,NULL,1077
1233,25/03/2017,NULL,NULL,1078
1234,07/04/2017,NULL,NULL,1079
1235,15/04/2017,NULL,NULL,1080
1236,29/04/2017,NULL,NULL,1081
1237,06/05/2017,NULL,NULL,1082
1238,15/01/2017,NULL,NULL,1086
1239,21/01/2017,NULL,NULL,1087
1240,27/01/2017,NULL,NULL,1090
1241,03/02/2017,NULL,NULL,1091
1242,02/09/2017,NULL,NULL,1092
1243,08/09/2017,NULL,NULL,1093
1244,15/09/2017,NULL,NULL,1094
1245,27/10/2017,NULL,NULL,1095
1246,19/11/2017,NULL,NULL,1096
1247,25/11/2017,NULL,NULL,1097
1248,20/10/2017,NULL,NULL,1098
1249,03/11/2017,NULL,NULL,1099
1250,17/12/2017,NULL,NULL,1100
1251,02/01/2016,NULL,NULL,1115
1252,15/01/2016,NULL,NULL,1116
1253,21/01/2016,NULL,NULL,1118
1254,30/01/2016,NULL,NULL,1117
1255,06/02/2016,NULL,NULL,1119
1256,13/02/2016,NULL,NULL,1120
1257,20/02/2016,NULL,NULL,1121
1258,27/02/2016,NULL,NULL,1122
1259,05/03/2016,NULL,NULL,1123
1260,12/03/2016,NULL,NULL,1124
1261,23/04/2016,NULL,NULL,1130
1262,02/09/2016,NULL,NULL,1061
1263,09/09/2016,NULL,NULL,1062
1264,16/09/2016,NULL,NULL,1063
1265,24/09/2016,NULL,NULL,1064
1266,01/10/2016,NULL,NULL,1065
1267,07/10/2016,NULL,NULL,1066
1268,15/10/2016,NULL,NULL,1315
1269,21/10/2016,NULL,NULL,1083
1270,30/10/2016,NULL,NULL,1067
1271,04/11/2016,NULL,NULL,1088
1272,11/11/2016,NULL,NULL,1089
1273,20/11/2016,NULL,NULL,1068
1274,27/11/2016,NULL,NULL,1069
1275,02/12/2016,NULL,NULL,1070
1276,10/12/2016,NULL,NULL,1084
1277,18/12/2016,NULL,NULL,1085
1278,23/12/2016,NULL,NULL,1071
1279,15/11/2015,NULL,NULL,1108
1280,21/11/2015,NULL,NULL,1109
1281,28/11/2015,NULL,NULL,1110
1282,04/12/2015,NULL,NULL,1111
1283,12/12/2015,NULL,NULL,1112
1284,19/12/2015,NULL,NULL,1113
1285,26/12/2015,NULL,NULL,1114
1286,17/10/2015,NULL,NULL,1104
1287,23/10/2015,NULL,NULL,1105
1288,01/11/2015,NULL,NULL,1106
1289,06/11/2015,NULL,NULL,1107
1290,25/01/2015,NULL,NULL,1447
1292,20/01/2018,NULL,NULL,1450
1293,24/03/2018,NULL,NULL,1457
1294,17/01/2015,NULL,NULL,1446
1295,13/04/2018,NULL,NULL,1459
1296,06/01/2018,NULL,NULL,1448
1297,10/02/2018,NULL,NULL,1453
1298,28/04/2018,NULL,NULL,1460
1299,24/02/2018,NULL,NULL,1455
1300,16/02/2018,NULL,NULL,1454
1301,03/03/2018,NULL,NULL,1456
1302,13/01/2018,NULL,NULL,1449
1303,05/05/2018,NULL,NULL,1461
1304,27/01/2018,NULL,NULL,1451
1305,06/04/2018,NULL,NULL,1458
1306,02/02/2018,NULL,NULL,1452
1307,11/02/2011,NULL,NULL,1197
1308,19/02/2011,NULL,NULL,1198
1309,25/02/2011,NULL,NULL,1199
1310,06/03/2011,NULL,NULL,1200
1311,25/03/2011,NULL,NULL,1201
1312,08/04/2011,NULL,NULL,1202
1313,02/04/2011,Neil Briggs,NULL,1203
1314,16/04/2011,NULL,NULL,1204
1315,22/04/2011,NULL,NULL,1205
1316,07/05/2011,NULL,NULL,1206
1317,15/10/2011,NULL,NULL,1210
1318,18/02/2012,NULL,NULL,1230
1319,24/02/2012,NULL,NULL,1231
1320,03/03/2012,NULL,NULL,1232
1321,23/03/2012,NULL,NULL,1233
1322,30/03/2012,NULL,NULL,1234
1323,13/04/2012,NULL,NULL,1235
1324,21/04/2012,NULL,NULL,1236
1325,05/05/2012,NULL,NULL,1237
1326,22/02/2014,NULL,NULL,1296
1327,01/03/2014,NULL,NULL,1297
1328,22/03/2014,NULL,NULL,1298
1329,28/03/2014,NULL,NULL,1299
1330,11/04/2014,NULL,NULL,1300
1331,19/04/2014,NULL,NULL,1301
1332,03/05/2014,NULL,NULL,1302
1333,10/05/2014,NULL,NULL,1303
1334,01/02/2015,NULL,NULL,1304
1335,07/02/2015,NULL,NULL,1305
1336,15/02/2015,NULL,NULL,1306
1337,21/02/2015,NULL,NULL,1307
1338,28/02/2015,NULL,NULL,1308
1339,06/03/2015,NULL,NULL,1309
1340,29/03/2015,NULL,NULL,1310
1341,12/04/2015,NULL,NULL,1311
1342,25/04/2015,NULL,NULL,1312
1343,09/05/2015,NULL,NULL,1313
1344,16/05/2015,Ross Harrison,NULL,1314
1345,01/09/2018,NULL,NULL,1462
1346,09/09/2018,NULL,NULL,1463
1347,02/09/2005,NULL,NULL,1471
1348,10/09/2005,NULL,NULL,1472
1349,16/09/2005,NULL,NULL,1473
1350,25/09/2005,NULL,NULL,1474
1351,14/10/2005,NULL,NULL,1475
1352,05/11/2005,Lionel Faure,NULL,1476
1353,11/11/2005,NULL,NULL,1477
1354,18/11/2005,NULL,NULL,1478
1355,27/11/2005,NULL,NULL,1479
1356,26/12/2005,NULL,NULL,1480
1357,02/01/2006,NULL,NULL,1481
1358,08/01/2006,NULL,NULL,1484
1360,28/01/2006,NULL,NULL,1486
1361,11/02/2006,NULL,NULL,1487
1362,17/02/2006,NULL,NULL,1488
1363,26/02/2006,Sebastien Chabal,NULL,1489
1364,10/03/2006,NULL,NULL,1490
1365,25/03/2006,NULL,NULL,1491
1366,08/04/2006,NULL,NULL,1492
1367,16/04/2006,NULL,NULL,1493
1368,28/04/2006,NULL,NULL,1494
1369,06/05/2006,NULL,NULL,1495
1370,14/05/2006,NULL,NULL,1496
1371,27/05/2006,NULL,NULL,1497
2370,02/10/2005,NULL,NULL,2497
2371,07/10/2005,NULL,NULL,2498
2372,02/12/2005,NULL,NULL,2499
2373,21/10/2005,NULL,NULL,2500
2374,28/10/2005,NULL,NULL,2501
2375,09/12/2005,NULL,NULL,2502
2376,16/12/2005,NULL,NULL,2503
2377,15/01/2006,NULL,NULL,2504
2378,21/01/2006,NULL,NULL,2505
2379,02/04/2006,NULL,NULL,2506
2380,07/09/2008,NULL,NULL,2507
2381,12/09/2008,NULL,NULL,2508
2383,19/09/2008,NULL,NULL,2511
2385,26/09/2008,NULL,NULL,2512
2386,01/10/2008,NULL,NULL,2513
2387,14/11/2008,NULL,NULL,2514
2388,23/11/2008,NULL,NULL,2515
2389,28/11/2008,NULL,NULL,2516
2390,20/12/2008,NULL,NULL,2517
3382,14/08/2020,NULL,NULL,3509
3383,21/08/2020,NULL,NULL,3510
3384,25/08/2020,NULL,NULL,3511
3385,29/08/2020,NULL,NULL,NULL
3386,26/12/2008,NULL,NULL,2518
3387,09/01/2009,NULL,NULL,2519
3390,04/04/2009,NULL,NULL,2528
3394,03/01/2009,NULL,NULL,2523
3395,03/08/2009,NULL,NULL,2524
3397,31/01/2009,NULL,NULL,2520
3398,14/02/2009,NULL,NULL,2521
3399,20/02/2009,NULL,NULL,2522
3400,01/03/2009,NULL,NULL,2523
3401,08/03/2009,NULL,NULL,2524
3402,14/03/2009,NULL,NULL,2525
3403,22/03/2009,NULL,NULL,2526
3404,27/03/2009,NULL,NULL,2527
3406,17/04/2009,NULL,NULL,2529
3407,25/04/2009,NULL,NULL,2530
3408,24/08/1997,NULL,NULL,2531
3409,30/08/1997,NULL,NULL,2532
3410,18/10/1997,NULL,NULL,2533
3411,25/10/1997,NULL,NULL,2534
3412,02/11/1997,NULL,NULL,2535
3413,09/11/1997,NULL,NULL,2536
3414,13/12/1997,NULL,NULL,2537
3415,27/12/1997,NULL,NULL,2538
3416,30/12/1997,NULL,NULL,2539
3417,10/01/1998,NULL,NULL,2540
3418,01/02/1998,NULL,NULL,2541
3419,15/02/1998,NULL,NULL,2542
3420,24/02/1998,NULL,NULL,2543
3421,10/03/1998,NULL,NULL,2544
3422,14/03/1998,NULL,NULL,2545
3423,11/04/1998,NULL,NULL,2546
3424,15/04/1998,NULL,NULL,2547
3425,18/04/1998,NULL,NULL,2548
3426,25/04/1998,NULL,NULL,2549
3427,02/05/1998,NULL,NULL,2550
3428,10/05/1998,NULL,NULL,2551
3429,17/05/1998,David Erskine,NULL,2552
3430,05/09/1998,NULL,NULL,2553
3431,12/09/1998,NULL,NULL,2554
3432,20/09/1998,NULL,NULL,2555
3433,26/09/1998,NULL,NULL,2556
3434,03/10/1998,NULL,NULL,2557
3435,17/10/1998,NULL,NULL,2558
3436,24/10/1998,NULL,NULL,2559
3437,28/10/1998,NULL,NULL,2560
3438,07/11/1998,NULL,NULL,2561
3439,13/11/1998,NULL,NULL,2562
3440,22/11/1998,NULL,NULL,2563
3441,12/12/1998,NULL,NULL,2564
3442,20/12/1998,NULL,NULL,2565
3443,27/12/1998,NULL,NULL,2566
3444,02/01/1999,NULL,NULL,2567
3445,05/01/1999,NULL,NULL,2568
3446,09/01/1999,NULL,NULL,2569
3447,23/01/1999,NULL,NULL,2570
3448,06/02/1999,NULL,NULL,2571
3449,14/02/1999,NULL,NULL,2572
3450,27/02/1999,NULL,NULL,2573
3451,13/03/1999,NULL,NULL,2574
3452,28/03/1999,NULL,NULL,2575
3453,03/04/1999,NULL,NULL,2576
3454,24/04/1999,NULL,NULL,2577
3455,01/05/1999,NULL,NULL,2578
3456,08/05/1999,NULL,NULL,2579
3457,05/09/2020,NULL,NULL,2580
3458,09/09/2020,NULL,NULL,NULL
3459,13/09/2020,NULL,NULL,NULL
3460,29/09/2020,NULL,NULL,NULL
3461,07/10/2020,NULL,NULL,NULL
3483,14/05/2000,NULL,NULL,NULL
3511,11/09/1999,NULL,NULL,NULL
3512,25/09/1999,NULL,NULL,NULL
3513,02/10/1999,NULL,NULL,NULL
3514,10/10/1999,NULL,NULL,NULL
3515,17/10/1999,NULL,NULL,NULL
3516,29/10/1999,NULL,NULL,NULL
3517,05/11/1999,NULL,NULL,NULL
3518,13/11/1999,NULL,NULL,NULL
3519,04/12/1999,NULL,NULL,NULL
3520,26/12/1999,NULL,NULL,NULL
3521,29/12/1999,NULL,NULL,NULL
3522,23/01/2000,NULL,NULL,NULL
3523,12/02/2000,NULL,NULL,NULL
3524,08/03/2000,NULL,NULL,NULL
3525,12/03/2000,NULL,NULL,NULL
3526,25/03/2000,NULL,NULL,NULL
3527,08/04/2000,NULL,NULL,NULL
3528,15/04/2000,NULL,NULL,NULL
3529,22/04/2000,NULL,NULL,NULL
3530,30/04/2000,NULL,NULL,NULL
3531,06/05/2000,NULL,NULL,NULL
3555,09/02/2002,NULL,NULL,2580
3556,23/02/2002,NULL,NULL,NULL
3557,09/03/2002,NULL,NULL,NULL
3558,16/03/2002,NULL,NULL,NULL
3559,31/03/2002,NULL,NULL,NULL
3560,13/04/2002,NULL,NULL,NULL
3561,19/04/2002,NULL,NULL,NULL
3562,05/05/2002,NULL,NULL,NULL
3563,08/05/2002,NULL,NULL,NULL
3564,12/05/2002,NULL,NULL,NULL
3565,30/08/2002,NULL,NULL,NULL
3566,07/09/2002,NULL,NULL,NULL
3567,13/09/2002,NULL,NULL,NULL
3568,20/09/2002,NULL,NULL,NULL
3569,27/09/2002,NULL,NULL,NULL
3570,05/10/2002,NULL,NULL,NULL
3571,27/10/2002,NULL,NULL,NULL
3572,01/11/2002,NULL,NULL,NULL
3573,10/11/2002,NULL,NULL,NULL
3574,15/11/2002,NULL,NULL,NULL
3575,24/11/2002,NULL,NULL,NULL
3576,29/11/2002,NULL,NULL,NULL
3577,29/12/2002,NULL,NULL,NULL
3578,03/01/2003,NULL,NULL,NULL
3579,02/02/2003,NULL,NULL,NULL
3580,08/02/2003,NULL,NULL,NULL
3581,15/03/2003,NULL,NULL,NULL
3582,06/04/2003,NULL,NULL,NULL
3583,18/04/2003,NULL,NULL,NULL
3584,26/04/2003,NULL,NULL,NULL
3585,03/05/2003,NULL,NULL,NULL
3586,10/05/2003,NULL,NULL,NULL
3587,12/09/2003,NULL,NULL,NULL
3588,21/09/2003,NULL,NULL,NULL
3589,26/09/2003,NULL,NULL,NULL
3590,04/10/2003,NULL,NULL,NULL
3591,10/10/2003,NULL,NULL,NULL
3592,17/10/2003,NULL,NULL,NULL
3593,25/10/2003,NULL,NULL,NULL
3594,31/10/2003,NULL,NULL,NULL
3595,08/11/2003,NULL,NULL,NULL
3596,21/11/2003,NULL,NULL,NULL
3597,30/11/2003,NULL,NULL,NULL
3598,19/12/2003,NULL,NULL,NULL
3599,27/12/2003,NULL,NULL,NULL
3600,04/01/2004,NULL,NULL,NULL
3601,06/02/2004,NULL,NULL,NULL
3602,14/02/2004,NULL,NULL,NULL
3603,21/02/2004,NULL,NULL,NULL
3604,26/03/2004,Stuart Turner,NULL,NULL
3605,03/04/2004,NULL,NULL,NULL
3606,23/04/2004,NULL,NULL,NULL
3607,02/05/2004,NULL,NULL,NULL
3608,08/05/2004,NULL,NULL,NULL
3609,05/09/2004,NULL,NULL,NULL
3610,11/09/2004,NULL,NULL,NULL
3611,17/09/2004,NULL,NULL,NULL
3612,24/09/2004,NULL,NULL,NULL
3613,03/10/2004,NULL,NULL,NULL
3614,08/10/2004,NULL,NULL,NULL
3615,16/10/2004,NULL,NULL,NULL
3616,05/11/2004,NULL,NULL,NULL
3617,13/11/2004,NULL,NULL,NULL
3618,19/11/2004,NULL,NULL,NULL
3619,26/11/2004,NULL,NULL,NULL
3620,27/12/2004,NULL,NULL,NULL
3621,02/01/2005,NULL,NULL,NULL
3622,29/01/2005,NULL,NULL,NULL
3623,06/02/2005,NULL,NULL,NULL
3624,18/02/2005,NULL,NULL,NULL
3625,25/02/2005,NULL,NULL,NULL
3626,13/03/2005,NULL,NULL,NULL
3627,25/03/2005,NULL,NULL,NULL
3628,09/04/2005,NULL,NULL,NULL
3629,15/04/2005,NULL,NULL,NULL
3630,30/04/2005,NULL,NULL,NULL
3631,07/05/2005,NULL,NULL,NULL
3632,03/09/2006,NULL,NULL,NULL
3633,09/09/2006,NULL,NULL,NULL
3634,15/09/2006,NULL,NULL,NULL
3635,22/09/2006,NULL,NULL,NULL
3636,15/10/2006,NULL,NULL,NULL
3637,03/11/2006,NULL,NULL,NULL
3638,10/11/2006,Stuart Turner,NULL,NULL
3639,17/11/2006,NULL,NULL,NULL
3640,24/11/2006,NULL,NULL,NULL
3641,22/12/2006,NULL,NULL,NULL
3642,26/12/2006,NULL,NULL,NULL
3643,01/01/2007,NULL,NULL,NULL
3644,06/01/2007,NULL,NULL,NULL
3645,27/01/2007,NULL,NULL,NULL
3646,18/02/2007,NULL,NULL,NULL
3647,23/02/2007,NULL,NULL,NULL
3648,04/03/2007,NULL,NULL,NULL
3649,09/03/2007,NULL,NULL,NULL
3650,17/03/2007,NULL,NULL,NULL
3651,06/04/2007,NULL,NULL,NULL
3652,13/04/2007,NULL,NULL,NULL
3653,28/04/2007,NULL,NULL,NULL
3654,16/09/2007,NULL,NULL,NULL
3655,23/09/2007,NULL,NULL,NULL
3656,29/09/2007,NULL,NULL,NULL
3657,05/10/2007,NULL,NULL,NULL
3658,13/10/2007,NULL,NULL,NULL
3659,19/10/2007,NULL,NULL,NULL
3660,23/11/2007,NULL,NULL,NULL
3661,23/12/2007,NULL,NULL,NULL
3662,30/12/2007,NULL,NULL,NULL
3663,06/01/2008,NULL,NULL,NULL
3664,25/01/2008,NULL,NULL,NULL
3665,15/02/2008,NULL,NULL,NULL
3666,23/02/2008,NULL,NULL,NULL
3667,29/02/2008,NULL,NULL,NULL
3668,09/03/2008,NULL,NULL,NULL
3669,14/03/2008,NULL,NULL,NULL
3670,28/03/2008,NULL,NULL,NULL
3671,11/04/2008,NULL,NULL,NULL
3672,15/04/2008,NULL,NULL,NULL
3673,20/04/2008,NULL,NULL,NULL
3674,04/05/2008,NULL,NULL,NULL
3675,10/05/2008,NULL,NULL,NULL
3676,02/09/2001,NULL,NULL,NULL
3677,08/09/2001,NULL,NULL,NULL
3678,16/09/2001,NULL,NULL,NULL
3679,22/09/2001,NULL,NULL,NULL
3680,13/10/2001,NULL,NULL,NULL
3681,20/10/2001,NULL,NULL,NULL
3682,11/11/2001,NULL,NULL,NULL
3683,17/11/2001,NULL,NULL,NULL
3684,25/11/2001,NULL,NULL,NULL
3685,01/12/2001,NULL,NULL,NULL
3686,08/12/2001,NULL,NULL,NULL
3687,27/12/2001,NULL,NULL,NULL
3688,09/01/2009,NULL,NULL,NULL
3689,02/09/2001,NULL,NULL,NULL
3690,08/09/2001,NULL,NULL,NULL
3691,16/09/2001,NULL,NULL,NULL
3692,22/09/2001,NULL,NULL,NULL
3693,13/10/2001,NULL,NULL,NULL
3694,20/10/2001,NULL,NULL,NULL
3695,11/11/2001,NULL,NULL,NULL
3696,17/11/2001,NULL,NULL,NULL
3697,25/11/2001,NULL,NULL,NULL
3698,01/12/2001,NULL,NULL,NULL
3699,08/12/2001,NULL,NULL,NULL
3700,27/12/2001,NULL,NULL,NULL
3701,09/01/2009,NULL,NULL,NULL
3702,02/09/2001,NULL,NULL,NULL
3703,08/09/2001,NULL,NULL,NULL
3704,16/09/2001,NULL,NULL,NULL
3705,22/09/2001,NULL,NULL,NULL
3706,13/10/2001,NULL,NULL,NULL
3707,20/10/2001,NULL,NULL,NULL
3708,11/11/2001,NULL,NULL,NULL
3709,17/11/2001,NULL,NULL,NULL
3710,25/11/2001,NULL,NULL,NULL
3711,01/12/2001,NULL,NULL,NULL
3712,08/12/2001,NULL,NULL,NULL
3713,27/12/2001,NULL,NULL,NULL
3714,09/01/2009,NULL,NULL,NULL
3715,02/09/2001,NULL,NULL,NULL
3716,08/09/2001,NULL,NULL,NULL
3717,16/09/2001,NULL,NULL,NULL
3718,22/09/2001,NULL,NULL,NULL
3719,13/10/2001,NULL,NULL,NULL
3720,20/10/2001,NULL,NULL,NULL
3721,11/11/2001,NULL,NULL,NULL
3722,17/11/2001,NULL,NULL,NULL
3723,25/11/2001,NULL,NULL,NULL
3724,01/12/2001,NULL,NULL,NULL
3725,08/12/2001,NULL,NULL,NULL
3726,27/12/2001,NULL,NULL,NULL
3727,09/01/2009,NULL,NULL,NULL
